Model,MSE,RMSE,R²,MAE
Random Forest,1.4004497245724134e+18,1183405984.6782985,0.8205144408812479,321425827.96256304
XGBoost,1.3817291871522652e+18,1175469772.9640968,0.8229137063026428,380091200.0
CatBoost,1.4535516330747453e+18,1205633291.2933125,0.8137087515583243,459719036.89935344
